,action,appPackage,category,postedTimeOfDay,contactSignificantContext,numberUpdates,p1,p2,p3,p4,p5,p6,postedDayOfWeek,priority,subject
0,FALSE,com.google.android.gm,email,afternoon,FALSE,4.01417,0.5364677,1.0147283,1.8560882,0.08352581,-0.4353946,0.5265149,2.9502587,0.17982501,Unknown
1,FALSE,com.android.providers.downloads,transport,afternoon,FALSE,28.70327,0.27116537,-0.55005646,-0.9048253,-0.16099149,-0.102375165,-0.52192926,-0.80415714,-0.48786187,Unknown
2,FALSE,com.android.systemui,email,afternoon,FALSE,31.22982,0.3860051,-1.051577,-0.6405064,-0.37465188,0.28641382,-1.3335028,-1.3820176,-0.2362423,/Jobs & Education/Education
3,FALSE,com.tinder,unknown,afternoon,FALSE,-8.072567,0.080625415,-0.040831372,-0.765482,-0.33946416,-0.17155549,-0.52733326,4.9063797,0.04018852,Unknown
4,TRUE,com.google.android.gm,email,afternoon,FALSE,13.568864,0.48208037,1.0141116,1.2274147,-0.15800853,-0.27252102,0.37380207,0.674189,-0.10215091,unknown
5,FALSE,com.android.vending,unknown,afternoon,FALSE,-9.526493,-0.09175144,-0.7945705,-0.80183697,-0.52225703,0.40612525,-0.23966241,4.730737,0.30185458,Unknown
6,TRUE,com.google.android.gm,email,afternoon,FALSE,18.198328,0.63437194,-0.006475672,0.023755047,0.35063237,0.1498633,-0.22770101,1.5540818,0.04883246,Unknown
7,FALSE,com.google.android.gm,email,afternoon,FALSE,-0.5738262,-0.19469373,1.7270595,0.9131066,0.34023625,0.717915,0.16376315,4.361281,-0.8656722,Unknown
8,FALSE,com.google.android.gm,email,afternoon,FALSE,14.528583,0.5275935,-0.28491735,-0.16703707,-0.38491705,0.19900763,-0.15828255,0.79732305,-0.30629504,Unknown
9,FALSE,com.google.android.gm,email,morn,FALSE,-0.98976004,-0.18963717,1.0531685,0.70318514,-0.25600454,0.5817303,0.87778354,5.5244155,-0.015314855,Unknown
10,FALSE,com.google.android.gm,email,afternoon,FALSE,10.9338665,0.23584278,0.86373544,0.44980428,0.4208391,-0.2587239,0.8576804,2.269259,-0.041113354,Unknown
11,FALSE,com.google.android.gm,unknown,afternoon,FALSE,24.244274,-0.06168296,0.6506807,0.07465501,-0.23184708,-0.39525747,0.23147357,2.4000413,0.02207058,unknown
12,FALSE,com.android.vending,unknown,morn,FALSE,-7.7227926,-0.1688412,0.37324023,-0.5786343,0.5338061,0.38855195,-0.093397796,4.2802644,-0.22180122,Unknown
13,FALSE,com.google.android.gm,unknown,afternoon,FALSE,9.74167,0.2230077,0.73665476,0.1427179,0.02762042,0.6915186,0.5557983,5.963527,0.3473482,Unknown
14,FALSE,com.google.android.gm,unknown,afternoon,FALSE,-2.3888679,-0.025323872,0.77806574,0.77561575,0.21166511,0.7118569,0.8924953,2.7873514,0.46321866,Unknown
15,FALSE,com.google.android.gm,email,morn,FALSE,1.8327135,0.20260312,1.0891769,0.81696624,0.14833227,0.9045795,0.122496754,3.5727892,0.040479206,Unknown
16,TRUE,com.google.android.gm,unknown,afternoon,FALSE,3.5702167,-0.07145664,1.0473953,0.94952714,-0.27404314,1.0492128,0.5968621,4.8295193,0.65950316,unknown
17,FALSE,com.android.vending,unknown,afternoon,FALSE,-9.33803,-0.142367,0.115580484,-0.5842506,-0.11557523,0.32986695,0.15898551,4.1390786,0.11866165,Unknown
18,TRUE,com.google.android.gm,email,afternoon,FALSE,12.699944,0.29338866,-0.2792194,0.04515222,0.65040594,0.40602946,-0.71479726,3.8728242,0.10646152,Unknown
19,TRUE,com.google.android.gm,email,afternoon,FALSE,10.434647,0.3904686,-0.35533065,0.039300837,-0.22994107,0.51620835,-0.032906637,2.465498,0.45401356,Unknown
20,FALSE,com.google.android.gm,email,afternoon,FALSE,1.1471059,-0.20085336,0.7989448,1.1382899,0.06955873,0.4914474,-0.31665194,5.658947,0.64447045,unknown
21,FALSE,com.google.android.gm,unknown,afternoon,FALSE,11.446819,0.1437667,0.6399303,1.4551541,0.21308969,-0.32466197,0.95526004,0.9939032,-0.1798802,Unknown
22,FALSE,com.google.android.gm,email,afternoon,FALSE,14.777263,-0.6183416,0.6117686,0.5636039,0.30262375,-0.25736862,0.1507451,2.0078328,-0.851574,Unknown
23,FALSE,com.google.android.gm,unknown,afternoon,FALSE,7.543684,0.22333543,1.5954837,1.0949167,-0.042181395,0.33629155,0.042568807,2.6910422,0.2967035,unknown
24,TRUE,com.google.android.gm,email,afternoon,FALSE,3.7657483,0.07805921,1.8042399,0.55861896,0.34064358,0.83149445,0.8079483,2.8618693,0.5047669,unknown
25,TRUE,com.google.android.gm,email,afternoon,FALSE,26.315853,0.32479236,-0.35492998,-0.27979714,0.3637405,0.0220346,-0.049140923,2.4871492,0.38930953,Unknown
26,TRUE,com.google.android.gm,email,afternoon,FALSE,14.992093,-0.2330385,0.711693,0.32445583,0.4848932,0.19852518,1.381125,0.8969363,-0.6333808,unknown
27,FALSE,com.google.android.gm,email,afternoon,FALSE,15.9586315,0.19787751,1.1805469,0.23288101,0.3915299,-0.42889756,0.8308881,1.8605438,0.45088482,Unknown
28,TRUE,com.google.android.gm,unknown,afternoon,FALSE,-3.1931922,0.19264573,0.47955006,0.49411985,-0.6525553,0.8783489,0.82887405,5.1106496,0.11651497,Unknown
29,FALSE,com.android.vending,unknown,morn,FALSE,0.32359537,-0.30869585,1.6407106,0.03534531,0.1797403,0.7963993,0.4636743,5.7634645,-0.41898835,Unknown
30,FALSE,com.google.android.gm,email,afternoon,TRUE,-4.444867,0.121339336,0.9527587,0.76905733,-0.003677644,0.13989633,0.6808158,4.1525555,0.3627492,Unknown
31,FALSE,com.google.android.gm,email,afternoon,FALSE,8.025721,0.25387216,1.3651394,0.63180476,-0.24810448,0.5535745,0.36908633,2.6249797,0.6065624,unknown
32,FALSE,com.google.android.gm,email,afternoon,FALSE,15.238046,-0.087364584,0.5204549,0.5362431,0.39244726,0.07672702,0.30212444,0.7449418,-0.2687494,Unknown
33,FALSE,com.google.android.gm,unknown,afternoon,FALSE,-3.9450524,0.71094453,0.8687022,0.87996835,0.13156055,0.61790174,0.2842667,4.707675,0.02637557,Unknown
34,FALSE,com.tinder,unknown,afternoon,FALSE,-7.7648406,-0.20586985,-0.37977284,-0.7747218,-0.28236866,-0.5886378,-0.1345707,4.2353168,0.22901106,Unknown
35,FALSE,com.instagram.android,unknown,afternoon,FALSE,-5.0116014,0.3395198,0.91582775,0.6449053,0.4751388,-0.11246778,0.40920833,4.545039,0.4096075,Unknown
36,FALSE,com.google.android.gm,email,morn,FALSE,10.137084,-0.52376366,0.30143434,0.38645893,0.5626043,0.5376283,-0.02343712,1.9833039,-0.06696843,Unknown
37,FALSE,com.google.android.gm,email,afternoon,FALSE,1.0949991,0.041287847,0.8813614,0.62204725,-0.045744836,0.42655277,0.770165,3.7958593,-0.11751788,Unknown
38,FALSE,com.google.android.gm,email,afternoon,FALSE,14.098507,-0.3461768,0.87696034,0.37862426,-0.10737709,-0.24052383,0.9409258,1.4619982,-0.7989296,Unknown
39,TRUE,com.google.android.gm,email,afternoon,FALSE,21.766657,-0.15721773,0.49454325,0.09215543,0.22194152,-0.6004198,0.17097028,0.83784586,-0.3073636,unknown
40,FALSE,com.google.android.gm,email,afternoon,FALSE,1.1959075,0.2408743,0.6012202,0.8624245,0.38991106,-0.91865736,0.93526065,4.040325,0.95260626,Unknown
41,FALSE,com.google.android.gm,email,morn,FALSE,2.6422539,-0.001026988,0.42164904,1.0938452,0.010555191,0.7791905,-0.010229953,4.855931,0.58947194,unknown
42,FALSE,com.google.android.gm,unknown,morn,FALSE,-1.7721667,0.11423275,0.7203334,0.28184646,0.31512457,0.5364634,0.42433104,2.8744583,-0.14276618,Unknown
43,TRUE,com.google.android.gm,email,afternoon,FALSE,7.144182,0.302172,0.4449631,0.73788834,0.47761154,0.6607417,0.114013344,2.5839002,0.14414108,/Jobs & Education/Education
44,FALSE,com.google.android.gm,email,morn,FALSE,-0.90802133,-0.08202572,0.9771395,0.70568186,0.80963993,-0.62864953,1.2801745,3.9054012,0.8835588,Unknown
45,FALSE,com.google.android.gm,email,afternoon,FALSE,1.4984325,0.04470845,0.10705676,0.4370626,0.17597982,0.26532125,1.2698438,5.021632,0.12988737,Unknown
46,FALSE,com.google.android.gm,unknown,afternoon,FALSE,-2.769767,-0.11335616,1.660152,0.44745857,-0.23888814,0.4644702,0.5600103,4.8114448,0.23544762,Unknown
47,FALSE,com.google.android.gm,email,morn,FALSE,-3.8201854,-0.097975105,0.82634145,0.08700113,-0.13706484,-0.054804265,-0.13631961,5.2518387,0.11012957,Unknown
48,FALSE,com.google.android.gm,email,afternoon,FALSE,3.379017,-0.24720572,0.22322926,0.9013602,0.05979509,-0.25912946,1.0633857,5.4241757,-0.5335701,Unknown
49,FALSE,com.google.android.gm,unknown,afternoon,FALSE,-0.5291419,-0.061110575,0.8521795,0.31179848,-0.05411361,0.15144545,0.37686047,4.2990947,0.45078853,Unknown
50,FALSE,com.google.android.gm,unknown,morn,FALSE,2.9586687,0.18663812,1.1066563,0.4256159,-0.040016487,0.6329442,0.70704204,5.2850733,0.77112037,Unknown
51,FALSE,com.google.android.gm,email,afternoon,FALSE,1.4445851,0.16173467,1.7503299,0.8618236,0.07557695,0.06516781,0.097137086,3.7768893,-0.10625077,unknown
52,FALSE,com.instagram.android,unknown,afternoon,FALSE,-7.555797,0.040150903,-0.47148263,0.2752828,-0.37577045,0.089805365,0.003655627,5.521558,0.9243621,Unknown
53,TRUE,com.android.providers.downloads,email,afternoon,FALSE,25.566277,0.3177287,-0.19109808,0.5201631,0.3082216,-0.19474153,-0.3382866,1.3426396,0.5981653,Unknown
54,TRUE,com.google.android.gm,email,afternoon,FALSE,-0.8581508,0.07519388,1.0903606,0.39080462,0.483158,1.0701126,-0.028310835,4.0637784,0.01457981,unknown
55,FALSE,com.google.android.gm,email,afternoon,FALSE,4.682939,0.36054474,0.4296232,0.84008694,-0.027342116,-0.03245134,0.85713154,3.2580142,-1.0531931,Unknown
56,FALSE,com.google.android.gm,email,afternoon,FALSE,21.601639,0.068009056,0.96392375,0.0335193,0.6641035,-0.5226284,0.80138445,1.5320821,-0.03675206,Unknown
57,FALSE,com.google.android.gm,email,afternoon,FALSE,9.670946,-0.49473125,0.5139306,0.57449776,0.24420556,-0.058667682,0.66205907,1.8966892,-0.77137774,Unknown
58,FALSE,com.instagram.android,unknown,afternoon,FALSE,-6.0006576,-0.010090731,1.1142055,0.11508128,0.029688258,0.2829337,0.319081,4.277809,0.3828025,Unknown
59,FALSE,com.google.android.gm,unknown,afternoon,FALSE,-7.6621504,-0.05555586,0.17156631,-0.07876379,-0.42958108,0.011611089,0.18373168,5.9624743,0.42994058,Unknown
60,FALSE,com.google.android.gm,email,afternoon,FALSE,8.80771,-0.11950976,0.8197017,-0.17797282,-0.11178098,0.068487935,0.2505479,3.4346273,0.008528881,Unknown
61,FALSE,com.google.android.gm,email,afternoon,FALSE,2.5889618,0.10697357,0.6211695,0.07087536,0.29984555,-0.043541893,0.39881697,5.7097154,0.91347176,Unknown
62,FALSE,com.google.android.gm,email,afternoon,FALSE,6.8309484,-0.12425719,1.5450175,1.3732976,0.7551463,-0.24367003,0.32519293,2.2804046,-0.13809943,Unknown
63,FALSE,com.google.android.gm,email,afternoon,FALSE,11.03939,0.64285684,1.2392104,0.8057844,0.39795533,0.06732715,0.38656598,3.9060383,-0.2924674,Unknown
64,FALSE,com.spotify.music,email,afternoon,FALSE,18.565857,0.36846682,-0.031590253,-0.105910696,0.19923294,0.02958095,0.30691803,2.5179503,-0.5566068,Unknown
65,FALSE,com.google.android.gm,unknown,afternoon,FALSE,-4.133521,0.19799985,0.5503449,0.001421005,-0.097999185,0.7267952,0.41365743,3.1862514,0.77609706,Unknown
66,FALSE,com.google.android.gm,email,afternoon,FALSE,-1.2291547,0.074917816,1.0429162,0.55925727,0.38701868,-0.5450843,1.1331367,3.6675596,0.6407007,Unknown
67,FALSE,com.google.android.gm,email,afternoon,FALSE,11.086178,0.5680929,0.9435507,0.27423424,-0.14918783,0.37171626,0.34788328,1.3095021,-0.47387373,unknown
68,FALSE,com.tinder,unknown,morn,FALSE,0.119534776,0.15260312,0.73909116,0.8010235,0.20984845,0.80711323,0.24835567,5.732876,0.5337216,Unknown
69,TRUE,com.android.providers.downloads,unknown,afternoon,FALSE,19.635973,0.34756333,0.21552695,-0.05311378,-0.1737746,0.24897343,0.25757137,1.0235633,0.05541722,Unknown
70,TRUE,com.google.android.gm,email,evening,FALSE,1.3465074,-0.22034317,0.7283557,0.33073738,0.23842311,0.30046552,0.38631207,2.3579946,-0.14654273,Unknown
71,TRUE,com.sec.android.app.samsungapps,email,afternoon,FALSE,33.09351,-0.39060795,-0.7973554,-0.73315084,-0.26106098,0.24403472,-0.7214807,-1.163648,-0.23329967,Unknown
72,FALSE,com.google.android.gm,email,afternoon,FALSE,-6.6371784,0.33483815,0.2774699,0.44389167,-0.04949455,0.2659254,0.51368237,4.0236692,0.77316874,Unknown
73,TRUE,com.google.android.gm,email,afternoon,FALSE,22.411797,0.5071483,0.19465762,0.13234758,-0.4890989,-0.25179386,-0.1272299,-0.4471631,0.28285646,Unknown
74,FALSE,com.google.android.gm,email,afternoon,FALSE,-2.9475772,-0.3272808,0.70269406,0.9709363,0.59520644,0.5229816,0.5579844,4.246117,0.08553152,Unknown
75,FALSE,com.tinder,email,afternoon,FALSE,-7.4193525,-0.36304545,0.6297944,0.14417125,0.3576585,-0.03563282,0.58078855,4.8841877,-0.40319282,Unknown
76,FALSE,com.android.providers.downloads,unknown,afternoon,FALSE,19.187784,0.07573932,0.55540097,-0.5282758,0.33960748,0.46197397,-0.06721896,2.2232156,0.47993755,unknown
77,FALSE,com.google.android.gm,email,afternoon,FALSE,-2.5542853,0.07098317,0.5561531,0.5320139,0.056695133,0.9357004,-0.17308411,4.2937584,0.36382052,Unknown
78,FALSE,com.instagram.android,unknown,afternoon,FALSE,-9.577196,-0.04682221,-0.9774419,0.08696306,-0.10841241,-1.0948678,0.41864288,5.290599,0.53691673,Unknown
79,FALSE,com.google.android.gm,email,afternoon,FALSE,-2.9745004,0.43300393,0.7974804,0.11237797,0.20471549,0.3456338,0.35353658,3.5924542,-0.40436497,Unknown
80,FALSE,com.tinder,unknown,morn,FALSE,-4.9661646,0.3621758,-0.19806148,0.10233121,0.17681326,-0.8583063,0.7597579,4.7200994,0.9695497,Unknown
81,FALSE,com.google.android.gm,email,afternoon,FALSE,2.7938812,-0.036224823,1.119863,0.21799937,0.4577732,0.5719203,1.1037574,3.2623138,0.080999024,unknown
82,FALSE,com.google.android.gm,email,afternoon,FALSE,5.27322,-0.03496408,2.191507,0.63896215,0.5564531,-0.097030684,0.31325537,4.281515,0.3065502,Unknown
83,FALSE,com.google.android.gm,unknown,afternoon,FALSE,-1.1692474,-0.2585497,1.4209305,0.9281887,-0.23491403,0.7093963,0.36287478,2.8340662,-0.0647976,Unknown
84,FALSE,com.google.android.gm,email,afternoon,FALSE,-2.404478,-0.42496935,0.70250964,0.08946596,0.45019013,0.07332915,0.5306429,3.732639,0.1012603,Unknown
85,FALSE,com.google.android.gm,email,afternoon,FALSE,18.089931,0.0459575,-0.292427,-0.20086345,-0.19425951,0.04774496,-0.39025414,2.792786,-0.6766167,Unknown
86,FALSE,com.android.providers.downloads,unknown,afternoon,FALSE,24.026829,0.53990966,1.8590997,0.23966995,0.11555752,0.98639894,0.19003548,3.8545697,0.9197009,Unknown
87,FALSE,com.google.android.gm,email,evening,FALSE,-0.33636224,-0.34128505,1.2438977,-0.07598355,0.25867388,0.36258966,0.7678616,3.6891382,0.3197189,unknown
88,FALSE,com.google.android.gm,email,morn,FALSE,14.274967,0.40401825,0.29559672,0.4004783,0.30073524,0.36090726,0.20902841,2.311709,0.5956817,Unknown
89,FALSE,com.google.android.gm,email,afternoon,FALSE,-4.7303877,-0.18390773,0.477149,1.2102826,0.09481146,0.22891821,1.3860776,5.1352654,-0.1868735,Unknown
90,FALSE,com.google.android.gm,unknown,afternoon,FALSE,9.296479,0.10337478,0.6756206,0.47428858,0.083732136,0.6141731,0.62976205,4.458606,-0.23655254,Unknown
91,FALSE,com.google.android.gm,email,afternoon,FALSE,-0.48335087,0.13159676,0.8713024,0.89342016,0.37081164,-0.4444052,0.6587104,2.9642346,-0.016664732,Unknown
92,FALSE,com.google.android.gm,email,afternoon,FALSE,12.975191,0.14383651,2.19906,1.3443625,-0.36887053,0.1970563,0.67860126,1.477653,0.32383198,Unknown
93,FALSE,com.google.android.gm,email,afternoon,FALSE,-0.40515545,-0.055987645,-0.058131054,0.47969228,0.062975116,0.6154802,0.22156301,3.3227863,0.47897065,unknown
94,FALSE,com.android.vending,unknown,afternoon,FALSE,-10.091686,-0.08470966,0.09877217,-0.62288505,-0.15255202,-0.3807826,-0.25795096,5.060649,-0.18601862,Unknown
95,TRUE,com.google.android.gm,email,afternoon,FALSE,14.371769,0.29036814,0.48254377,1.0990592,0.07414951,-0.050948977,0.38464934,3.1757977,-0.4282319,Unknown
96,TRUE,com.google.android.gm,email,afternoon,FALSE,1.8281534,0.21444237,0.6336596,1.2582407,0.30744198,1.1437945,0.014429756,6.5202875,-0.20035517,unknown
97,FALSE,com.google.android.gm,email,morn,FALSE,7.611677,0.21518312,0.42797613,0.25829357,0.4114587,0.036915928,0.83174115,6.024016,0.97706175,Unknown
98,FALSE,com.google.android.gm,email,morn,FALSE,2.0815659,0.17349194,1.1736157,1.2736483,-0.43957472,0.43391025,0.4468534,5.5451345,0.14910981,Unknown
99,FALSE,com.google.android.gm,unknown,afternoon,FALSE,-6.208761,0.3245236,0.7638579,-0.10668244,0.19896409,-0.37413538,0.4025361,4.908738,-0.27859277,Unknown
100,FALSE,com.google.android.gm,unknown,morn,FALSE,10.268549,1.1019306,1.0590802,-0.009804986,0.3935253,0.6177085,0.64043915,3.8290446,0.07513888,Unknown
101,FALSE,com.google.android.gm,unknown,afternoon,FALSE,15.635497,-0.056090664,0.16945645,-0.26449755,-0.04169386,0.07999849,0.54632545,2.56912,-0.41770798,Unknown
102,TRUE,com.google.android.gm,unknown,afternoon,FALSE,19.660242,0.466675,-0.24644603,-0.1141522,-0.3876332,0.61387336,-0.4362952,1.1505177,-0.05597627,Unknown
103,FALSE,com.google.android.gm,unknown,afternoon,FALSE,12.329573,-0.3078781,1.0297644,0.7669366,0.46331617,0.057206426,0.44952953,0.91813534,-0.43225542,Unknown
104,FALSE,com.google.android.gm,email,afternoon,FALSE,11.975879,0.05124975,0.121812254,0.18720911,0.34650338,-0.27978963,0.14273424,3.0368576,0.05975986,Unknown
105,FALSE,com.google.android.gm,email,afternoon,FALSE,23.109266,1.0193698,-0.009434767,0.0706261,0.4476388,0.5783871,-0.21714011,3.9097953,0.3683593,Unknown
106,FALSE,com.google.android.gm,email,morn,FALSE,-3.9572523,-0.0710465,0.72094285,0.48664248,0.21830323,-0.20450066,1.0534574,5.3744154,0.71142215,Unknown
107,TRUE,com.google.android.gm,email,afternoon,FALSE,19.810385,0.03786452,-0.19937591,-0.3836853,0.080541834,-0.09309806,-0.43953878,1.3647693,0.32894027,unknown
108,FALSE,com.android.vending,unknown,afternoon,FALSE,-2.3808904,0.4123108,0.9920125,-0.1434528,-0.18978056,0.056556225,0.119857356,4.5664544,0.06398963,Unknown
109,FALSE,com.google.android.gm,unknown,afternoon,FALSE,6.1674156,0.47202745,0.84788376,0.29634023,0.5669317,0.3473932,0.6777281,7.1022515,0.38514012,Unknown
110,FALSE,com.google.android.gm,email,afternoon,FALSE,-7.1370645,-0.11019902,1.1415129,-0.13747245,0.4633413,0.69730604,-0.049761288,4.5384684,0.46429417,unknown
111,FALSE,com.google.android.gm,unknown,afternoon,FALSE,7.339882,0.20115371,1.0403193,0.41101453,0.13292062,0.5124626,0.39512533,5.2800555,0.04501959,Unknown
112,FALSE,com.spotify.music,unknown,afternoon,FALSE,2.5875459,0.8605785,-0.2564882,0.7726492,0.13575315,-0.31118292,1.1410675,6.1208935,0.5710957,Unknown
113,FALSE,com.google.android.gm,unknown,afternoon,FALSE,-3.4652805,0.40384373,0.93811333,0.9715611,-0.029950043,0.15947114,0.65812755,5.153091,-0.042970747,Unknown
114,FALSE,com.google.android.gm,email,afternoon,FALSE,12.47861,0.2479611,0.40758747,-0.17661515,0.3760502,0.27265573,0.4508348,2.9109378,-0.09805293,Unknown
115,FALSE,com.google.android.gm,unknown,afternoon,FALSE,-4.385387,0.51176494,1.2718525,1.1805149,0.40915036,0.6076289,0.53783417,4.2392216,0.3689644,Unknown
116,TRUE,com.google.android.gm,email,afternoon,FALSE,3.2157593,-0.036639545,1.6188785,0.40292543,0.1559417,0.26402974,0.4500335,3.787981,0.20924366,unknown
117,FALSE,com.android.providers.downloads,unknown,afternoon,FALSE,37.943745,0.58710986,-1.1351669,-1.3020629,-0.3104564,0.030892476,-0.891638,-0.46198237,-0.18485555,Unknown
118,FALSE,com.google.android.gm,unknown,afternoon,FALSE,1.0872788,0.00845011,1.2499697,0.28856638,0.6633551,0.8367445,0.54942644,3.098892,0.43376362,unknown
119,FALSE,com.android.providers.downloads,unknown,afternoon,FALSE,19.198229,0.31532326,0.79037637,0.1297789,0.17560427,-0.06282258,0.5831751,0.7331791,0.35319716,Unknown
120,TRUE,com.facebook.katana,unknown,afternoon,FALSE,0.6883668,-0.26603252,0.36719203,1.0033796,0.31798357,0.23482516,0.65966564,3.9360597,-0.095905386,Unknown
121,TRUE,com.google.android.gm,email,afternoon,FALSE,13.009768,-0.018149056,0.49049836,0.01146964,0.4474362,0.2994406,0.74384636,2.159216,-0.27386174,unknown
122,TRUE,com.google.android.gm,email,morn,FALSE,-2.78569,-0.074543625,0.4483202,0.9212535,0.011479964,0.8699245,0.093564734,6.80312,0.31716013,unknown
123,TRUE,com.google.android.gm,email,afternoon,FALSE,16.311865,0.16447698,0.79120576,0.34774563,-0.2280803,0.07647571,-0.24243972,1.8775645,-0.25760287,/Jobs & Education/Education
124,FALSE,com.google.android.gm,email,afternoon,FALSE,8.911919,0.10142894,0.5552901,0.061120182,0.5579881,0.07800728,0.98758,3.0730655,0.02474247,Unknown
125,FALSE,com.google.android.gm,email,afternoon,FALSE,-2.5223713,0.14537257,1.7592721,1.0733291,0.85544926,0.09395134,-0.124116614,3.7905855,0.44254306,unknown
126,FALSE,com.google.android.gm,email,afternoon,FALSE,2.6350403,0.33032438,0.067321956,0.47914028,0.431162,0.15163282,0.22078006,4.08694,-0.15302971,Unknown
127,FALSE,com.google.android.gm,email,afternoon,FALSE,-2.289312,-0.21247678,0.2297467,0.4711843,0.044475116,0.09275797,0.97046834,4.8754005,1.1999032,unknown
128,FALSE,com.google.android.gm,email,afternoon,FALSE,8.122782,-0.009146601,0.8036079,0.35584936,0.3711594,-0.7291359,0.36591902,2.614956,-0.07373126,Unknown
129,TRUE,com.google.android.gm,email,afternoon,TRUE,9.163592,0.5508357,0.4411928,0.84940463,0.26912165,0.34228045,0.33172414,2.1583352,-0.24774155,/Jobs & Education/Education
130,FALSE,com.google.android.gm,email,afternoon,FALSE,16.858604,-0.2380148,0.27958065,-0.20204797,0.037487302,0.02621904,0.23202197,0.7393505,-1.1163943,Unknown
131,FALSE,com.google.android.gm,email,afternoon,FALSE,20.378332,-0.23447563,0.55582064,0.38939306,0.45461288,-0.37271738,-0.39347166,-0.209784,-0.6571784,Unknown
132,TRUE,com.google.android.gm,email,afternoon,FALSE,1.4291884,-0.3153532,0.4552378,1.0801885,0.11534738,0.8755605,1.2817433,3.935542,-0.51040524,Unknown
133,FALSE,com.google.android.gm,unknown,afternoon,FALSE,-0.96594375,-0.20816557,0.5142087,0.6413244,0.24294186,-0.34088308,0.49712577,4.2285175,0.06544903,Unknown
134,FALSE,com.android.providers.downloads,unknown,afternoon,FALSE,13.628962,0.29120803,1.7066925,1.4125005,-0.31269205,0.05720587,0.86748135,2.6215835,-0.30082962,unknown
135,FALSE,com.google.android.gm,email,morn,FALSE,14.795361,0.007174421,0.419232,0.9834568,0.124202415,0.54987466,0.16356179,2.954148,0.14369759,Unknown
136,FALSE,com.google.android.gm,unknown,afternoon,FALSE,-1.3606596,0.22670184,1.2857444,0.92525226,0.44847238,0.642996,0.7993539,2.8421793,-0.09722595,Unknown
137,FALSE,com.google.android.gm,unknown,morn,FALSE,12.524084,0.619292,0.22181188,-0.05712434,0.5082568,0.21584581,-0.21329609,3.7144642,0.46035272,Unknown
138,FALSE,com.google.android.gm,unknown,afternoon,FALSE,-1.3851287,0.35656798,0.4679492,1.1797509,0.24345663,0.06318129,1.0957837,2.9214783,0.21479166,Unknown
139,FALSE,com.google.android.gm,unknown,afternoon,FALSE,0.27417606,0.055804096,-0.1432634,1.2472761,0.15004113,-0.29393214,1.3799462,5.5136385,0.08326822,Unknown
140,FALSE,com.instagram.android,email,afternoon,FALSE,-3.2347825,0.35312817,0.8386838,0.56875503,-0.06938467,0.8044862,0.44277877,4.3069906,0.66043234,unknown
141,FALSE,com.google.android.gm,email,afternoon,FALSE,-3.5234926,0.056958023,1.0846986,0.22830048,0.08121705,0.91503006,0.12659362,4.107607,0.39134905,unknown
142,TRUE,com.google.android.gm,email,morn,FALSE,4.953521,-0.122862816,0.60534614,1.0354702,-0.100582995,0.29829824,0.95126194,4.815473,0.19248188,unknown
143,TRUE,com.google.android.gm,email,afternoon,FALSE,8.16225,-0.115915686,0.78834754,0.8373981,-0.023193972,0.4358303,1.0722287,5.6693783,-0.89429444,Unknown
144,TRUE,com.google.android.gm,unknown,afternoon,FALSE,10.787428,0.67040986,0.7906945,0.42292893,-0.3325399,0.123423815,1.5256426,2.899573,0.37563282,Unknown
145,TRUE,com.google.android.gm,email,afternoon,FALSE,6.3758283,0.2654168,-0.246603,0.051401388,0.038771972,0.5961534,-0.25002757,3.4824219,-0.088934354,Unknown
146,TRUE,com.google.android.gm,email,afternoon,FALSE,10.381968,-0.38240704,0.32352126,0.55709624,0.30313256,0.5171566,0.3746461,1.0955766,0.2939509,unknown
147,TRUE,com.google.android.gm,unknown,afternoon,FALSE,1.22959,0.30093864,0.24878423,0.24601072,0.37465107,0.44786173,0.4316496,5.0441236,0.04301698,Unknown
148,TRUE,com.google.android.gm,email,afternoon,FALSE,31.210249,0.5331416,-1.0172834,-0.601879,-0.714807,0.38507748,-0.7510714,1.0526243,0.22197905,Unknown
149,TRUE,com.google.android.gm,email,afternoon,FALSE,0.395504,-0.070820615,0.7903366,0.5839289,0.3360898,0.5333881,0.04057112,3.618036,-0.1188417,/Business & Industrial/Business Services
150,TRUE,com.google.android.gm,email,evening,FALSE,9.792431,0.092766955,0.23032962,0.6391879,0.47155455,0.23440929,0.2696744,3.7499132,0.039032593,Unknown
151,TRUE,com.google.android.gm,email,morn,FALSE,-0.35618648,-0.3905094,0.48162663,0.19484678,0.043207638,0.52910537,0.40820605,5.595199,0.1795299,Unknown
152,TRUE,com.google.android.gm,email,afternoon,FALSE,34.114094,0.09058249,-1.0353576,-0.9538217,-0.12282943,0.40185207,-0.7440982,0.47371548,0.052222136,Unknown
153,TRUE,com.google.android.gm,email,afternoon,FALSE,22.350058,0.76806843,0.6551151,0.49785078,-0.19133778,-0.62251276,0.8987428,0.3661975,0.48034602,Unknown
154,TRUE,com.google.android.gm,unknown,afternoon,FALSE,25.389696,0.30237868,0.061554935,-0.4745993,-0.40995124,0.25709763,-0.96311396,2.5958886,0.5149972,Unknown
155,TRUE,com.google.android.gm,email,afternoon,FALSE,11.959495,-0.86431885,0.8407424,0.46737468,0.24461456,0.8522711,0.9068447,2.6354854,-0.71861285,unknown
156,TRUE,com.google.android.gm,email,afternoon,FALSE,11.102953,0.61218053,0.24957064,0.38811857,-0.3054321,0.5437326,-0.4696182,2.5188854,0.027388914,Unknown
157,TRUE,com.google.android.gm,email,afternoon,FALSE,5.7825437,-0.06605166,0.26390505,0.33001843,0.1985668,0.06721543,-0.43727952,4.890641,0.24239263,unknown
158,TRUE,com.google.android.gm,email,afternoon,FALSE,-1.4281768,-0.27792326,1.2380506,0.5312756,-0.2226399,0.48203963,0.49583253,4.8090515,-0.32864723,unknown
159,TRUE,com.google.android.gm,email,afternoon,FALSE,-2.8384585,0.07216596,0.73021203,0.6564715,-0.5066846,1.3804965,0.8418777,4.5504107,0.5191585,unknown
160,TRUE,com.google.android.gm,email,afternoon,FALSE,-1.1603235,0.056504916,1.0531392,0.6012504,-0.29828206,0.9374844,0.9574791,3.5544019,0.4402073,unknown
161,TRUE,com.google.android.gm,email,afternoon,TRUE,1.7619219,0.49442303,1.2771298,0.91961265,0.42092282,0.6474188,0.7540892,2.183147,0.32698002,unknown
162,TRUE,com.google.android.gm,email,afternoon,FALSE,10.446081,-0.004952341,1.3877276,0.46803945,0.051781446,-0.09325208,-0.058299735,2.1999068,0.36306727,unknown
163,TRUE,com.google.android.gm,email,afternoon,FALSE,3.0687232,-0.23505439,2.1343381,0.50299436,0.12048283,0.4195112,0.6587903,5.089219,-0.023035385,unknown
164,TRUE,com.google.android.gm,email,afternoon,FALSE,0.14231093,-0.04195026,0.9697247,0.9273499,0.22213227,0.2713914,0.3149792,4.082525,-0.16039336,Unknown
165,TRUE,com.google.android.gm,email,afternoon,FALSE,19.607122,-0.49982595,0.64780575,-0.5419765,-0.037592568,-0.21615647,0.49812958,1.2843611,-0.5288768,unknown
166,TRUE,com.google.android.gm,email,afternoon,FALSE,16.591166,0.50054485,0.14690219,-0.27673757,0.48236632,0.23494731,0.38934582,2.2224066,0.11255287,/Jobs & Education/Education
167,TRUE,com.google.android.gm,unknown,afternoon,FALSE,25.91492,0.095164195,0.13967869,-0.28071564,-0.22503205,-0.364308,-0.16066197,0.5316769,-0.5062758,Unknown
168,TRUE,com.google.android.gm,email,morn,FALSE,12.266504,0.137506,-0.041904196,0.28610945,0.3552518,0.5099516,0.60258204,3.3284104,-0.16749209,Unknown
169,TRUE,com.google.android.gm,email,afternoon,FALSE,8.184644,0.47174132,1.5356641,1.0952238,0.72413015,0.8070309,1.0744498,3.6601875,-0.39730114,unknown
170,TRUE,com.google.android.gm,email,afternoon,FALSE,22.729815,0.2881963,0.22972696,-0.18329903,-0.13264401,0.04563128,-0.28001237,1.1057864,-0.15926978,Unknown
171,TRUE,com.google.android.gm,email,afternoon,FALSE,24.43182,0.4680373,-0.16861205,-0.146377,0.20837961,-0.06412922,0.42194787,1.9873462,0.4448747,Unknown
172,TRUE,com.android.systemui,email,afternoon,FALSE,34.797657,0.12647118,-0.37291044,-0.9750635,-0.51327103,-0.33558875,-0.970458,-1.7334615,-0.46886575,/Jobs & Education/Education
173,TRUE,com.google.android.gm,unknown,afternoon,FALSE,2.308077,0.17200927,1.7904149,0.54542375,-0.086251006,0.3418309,0.3508267,5.478997,-0.48384458,Unknown
174,TRUE,com.google.android.gm,email,morn,FALSE,3.0789037,0.22703804,0.6845383,1.0674523,0.112676576,-0.025572278,0.50484824,2.863812,-0.17259485,Unknown
175,TRUE,com.google.android.gm,email,afternoon,FALSE,1.4614762,-0.18221274,0.9096124,0.566494,-0.4506219,0.6445053,0.47278094,5.267893,0.45911163,unknown
176,TRUE,com.google.android.gm,email,afternoon,FALSE,2.18821,0.16554052,0.83952934,0.46775535,0.60487086,0.38097292,0.9642697,4.482794,-0.050337307,unknown
177,TRUE,com.google.android.gm,email,afternoon,FALSE,3.051342,-0.07936083,1.3231695,0.61105144,0.17173032,0.0839596,0.38078776,4.8490796,0.59230024,unknown
178,TRUE,com.android.providers.downloads,unknown,afternoon,FALSE,28.372343,0.34223175,-0.750181,-0.9747929,-0.29747906,0.007664986,-0.5625493,-0.25129768,-0.2968664,Unknown
179,TRUE,com.google.android.gm,email,afternoon,FALSE,4.104977,0.16435446,0.6422063,0.8335348,0.026089778,0.036061615,0.9533008,4.4044733,0.32824266,unknown
180,TRUE,com.google.android.gm,email,afternoon,FALSE,24.648073,0.1891688,-0.11349712,-0.03470079,-0.41895083,0.063026294,-1.0643222,1.0235956,1.0606279,unknown
181,TRUE,com.google.android.gm,email,afternoon,FALSE,-3.6137247,0.21194829,0.26452053,0.332873,-0.84609914,0.72034603,-0.22422433,5.3797035,0.34258756,Unknown
182,TRUE,com.google.android.gm,email,afternoon,FALSE,4.7809763,-0.42136317,1.5599188,1.2798109,0.13779859,0.9497863,-0.040486798,3.697579,-0.4263917,Unknown
183,TRUE,com.google.android.gm,email,afternoon,FALSE,1.6504616,0.2636405,1.6538763,0.74665433,-0.26653528,0.22736043,1.0690529,3.8097224,0.5086605,Unknown
184,TRUE,com.google.android.gm,email,afternoon,FALSE,16.990635,0.3354813,0.14878136,0.03892192,0.07970374,-0.16566335,0.22326201,0.4068254,0.11468715,unknown
185,TRUE,com.google.android.gm,email,afternoon,FALSE,17.731804,0.39149377,0.4972434,1.1416522,-0.06472501,-0.11131464,0.48478827,0.43814605,0.52474767,unknown
186,TRUE,com.google.android.gm,email,afternoon,FALSE,29.769243,0.315021,0.2436445,0.5752902,-0.024443572,-0.9227211,0.12785342,-0.5246941,-0.42154753,/Jobs & Education/Education
187,TRUE,com.google.android.gm,email,afternoon,FALSE,4.2060857,0.64137125,0.14612463,0.44446528,-0.24648273,0.33344865,-0.08488704,3.990688,-0.20536393,Unknown
188,TRUE,com.google.android.gm,email,afternoon,FALSE,8.413547,-0.18438594,0.76345795,0.6614457,0.71941096,0.25919312,-0.10158467,2.4798703,0.12100504,Unknown
189,TRUE,com.google.android.gm,email,afternoon,FALSE,24.26518,-0.12861037,0.42711127,0.89099675,0.057881348,-0.57112086,0.029279731,0.35592622,0.5061082,unknown
190,TRUE,com.google.android.gm,email,afternoon,FALSE,17.287897,0.2105537,0.8726681,0.17065212,-0.11544422,-0.28829783,0.5616857,2.3428552,0.1341447,Unknown
191,TRUE,com.google.android.gm,email,afternoon,FALSE,10.499089,0.24856532,1.0441927,0.55109996,0.1741607,0.23509364,-0.52191466,2.5985181,0.023836467,/Jobs & Education/Education
192,TRUE,com.google.android.gm,email,afternoon,FALSE,-0.7130863,0.3186818,1.3027307,0.5840358,0.3452415,1.0911375,0.18059069,3.8324728,-0.3038535,unknown
193,TRUE,com.google.android.gm,unknown,afternoon,FALSE,6.0378604,-0.18296716,0.8566173,0.64559907,-0.0974092,0.43538088,0.6917928,3.2954893,0.66370374,unknown
194,TRUE,com.google.android.gm,email,afternoon,FALSE,15.229324,0.3483299,-0.09339757,0.43565622,0.39728498,0.25845826,0.19941655,1.4972196,0.06933389,unknown
195,TRUE,com.google.android.gm,email,afternoon,FALSE,5.030046,-0.26645476,0.46383965,1.0876116,-0.11136865,0.16640496,0.6916833,3.7208383,-0.36249667,unknown
196,TRUE,com.google.android.gm,email,afternoon,FALSE,4.633666,-0.07198627,1.0992697,1.6516056,-0.009040883,1.0089512,0.64764893,3.1187336,-0.36048114,Unknown
197,TRUE,com.google.android.gm,email,afternoon,FALSE,3.7813118,0.034864556,1.3364877,0.99310786,0.12781805,0.48495328,-0.23524052,3.2777507,-0.08888885,unknown
198,TRUE,com.google.android.gm,email,afternoon,FALSE,15.889594,0.22859134,1.1122112,0.507883,-0.001046419,-0.039898366,-0.2974166,2.227561,0.3068488,unknown
199,TRUE,com.android.providers.downloads,transport,afternoon,FALSE,44.30287,0.27184325,-0.92260885,-0.9101543,0.17336291,-0.8476219,-0.31964654,-0.34091288,-0.062131293,Unknown
200,TRUE,com.google.android.gm,email,afternoon,FALSE,3.029171,0.4085629,0.5184964,0.7114943,0.24895202,0.91696775,0.24266353,2.8353863,0.16199774,unknown
201,TRUE,com.google.android.gm,email,afternoon,FALSE,11.343293,0.3837031,0.2789326,0.33720982,0.22353235,0.30869395,-0.027909644,2.465826,-0.06876593,unknown
202,TRUE,com.google.android.gm,email,afternoon,FALSE,0.02228051,0.06580409,0.8030665,0.7964423,0.10385553,0.35278416,0.94117016,5.2567554,-0.039732866,Unknown
203,TRUE,com.google.android.gm,email,morn,FALSE,6.7806935,-0.41735467,0.39469248,0.7045845,0.259668,1.0417715,0.27892572,2.4305544,-0.14275393,Unknown
204,TRUE,com.google.android.gm,email,afternoon,FALSE,5.1353307,0.12791501,0.7493765,0.9069858,0.18618567,0.15916964,0.6224571,4.4910383,-0.14961407,Unknown
205,TRUE,com.google.android.gm,email,afternoon,FALSE,15.330632,1.0780773,0.78295815,0.27997807,0.3727133,0.113210306,0.31199595,4.068464,0.30195844,Unknown
206,TRUE,com.google.android.gm,email,afternoon,FALSE,20.099232,0.13876934,0.18570343,-0.025733076,-0.36239266,-0.023253068,-0.3037055,-0.48255056,0.16011253,Unknown
207,TRUE,com.google.android.gm,email,afternoon,FALSE,7.534026,0.5853758,0.73094684,0.88419443,0.46071112,0.2093495,0.39159346,1.9548326,0.12090515,/Jobs & Education/Education
208,TRUE,com.google.android.gm,email,afternoon,FALSE,10.775035,0.35132504,1.7776661,0.78202206,0.65330285,0.5561393,1.1698093,5.4573436,-0.27735084,unknown
209,TRUE,com.google.android.gm,email,afternoon,FALSE,1.7251257,-0.10339695,0.2606827,1.2918737,0.04255896,1.024486,0.676501,4.182321,0.24198258,unknown
210,TRUE,com.google.android.gm,email,afternoon,FALSE,1.1172004,-0.3770244,0.430915,0.60960454,0.1276613,0.85845095,0.04237871,6.3227077,0.30393717,unknown
211,TRUE,com.google.android.gm,email,afternoon,FALSE,-4.7999873,0.20607458,0.24723075,0.47501135,-0.001425004,0.73170227,0.21317753,5.567964,-0.09438848,Unknown
212,TRUE,com.google.android.gm,email,morn,FALSE,6.988618,-0.09419735,0.5321636,0.93510586,0.56309927,0.09810992,-0.021498084,3.1800776,-0.22419658,Unknown
213,TRUE,com.google.android.gm,email,afternoon,FALSE,4.7202554,0.04398736,0.77569133,0.21775517,0.3619722,0.33225083,1.2199547,3.4289052,0.6014658,unknown
214,TRUE,com.google.android.gm,email,afternoon,FALSE,10.369911,0.3976291,0.9304603,1.0557985,0.25596362,-0.029764727,0.51269233,2.1931164,0.16574502,Unknown
215,TRUE,com.google.android.gm,unknown,afternoon,FALSE,2.9466872,0.56602776,1.2159224,0.55989105,-0.21016458,0.39565212,1.4482543,2.964306,0.61697245,Unknown
216,TRUE,com.google.android.gm,email,afternoon,FALSE,17.284212,0.4135743,2.05149,0.9094558,-0.6163763,-0.38976818,0.5252507,1.0186448,0.24511307,Unknown
217,TRUE,com.google.android.gm,email,afternoon,FALSE,1.0668721,-0.27296337,0.762084,0.86197615,0.55570626,0.9919205,1.010359,2.8762453,0.17357153,unknown
218,TRUE,com.google.android.gm,email,afternoon,FALSE,18.22022,0.6808346,-0.44507945,0.013182573,0.15662059,0.52694786,-0.7415186,1.6873502,0.10468251,Unknown
219,TRUE,com.google.android.gm,email,afternoon,FALSE,-0.859656,-0.56602293,0.6761237,1.056808,-0.19164726,0.83038247,0.48915917,4.75946,-0.12575647,unknown
220,TRUE,com.google.android.gm,email,afternoon,FALSE,21.763676,0.31990877,0.4185722,0.65149033,-0.013198802,-0.0290213,-0.16032703,-0.9112598,0.4407978,/Jobs & Education/Education
221,TRUE,com.google.android.gm,email,afternoon,FALSE,20.506907,0.6697189,-0.29933435,0.3765739,-0.48407292,0.2176439,-0.10151857,1.617528,0.15527451,Unknown
222,TRUE,com.google.android.gm,email,afternoon,FALSE,2.7366905,-0.32185134,1.1342577,0.40655437,0.38605386,0.34690875,0.96492004,6.2048063,-0.2906653,unknown
223,TRUE,com.google.android.gm,email,afternoon,FALSE,20.82385,0.16247961,0.34040958,0.077787645,-0.024031097,0.19949882,-0.61163,0.36413246,0.34110174,Unknown
224,TRUE,com.google.android.gm,email,afternoon,FALSE,0.82136756,-0.5521178,0.9624923,0.29459742,0.37568918,1.10143,0.25074887,4.279826,0.8040019,unknown
225,TRUE,com.google.android.gm,unknown,morn,FALSE,1.0645862,0.41297162,0.7091509,0.4203793,-0.17792712,0.1319108,0.84533334,5.4802256,-0.25361675,Unknown
226,TRUE,com.instagram.android,unknown,afternoon,FALSE,-7.856245,0.084545165,-0.67600214,0.003099233,-0.82097906,1.111014,0.6418561,5.125534,0.7356119,Unknown
227,TRUE,com.google.android.gm,email,afternoon,FALSE,33.902702,0.26445565,0.1805969,0.19337341,-0.6997888,-0.9623582,-0.10319361,-0.9839736,0.3103935,Unknown
228,TRUE,com.google.android.gm,email,afternoon,FALSE,11.48038,0.09758085,-0.42085135,0.5360369,-0.16217737,0.87003505,0.18203597,2.2769885,0.7252664,Unknown
